Alternative,Criterion1,Criterion2,Criterion3,Criterion4,TOPSIS Score,Rank
M1,250,16,12,5,0.7358348899567752,1
M2,200,6,8,3,0.2394231382777471,4
M3,300,16,8,4,0.6881933203624193,2
M4,275,10,10,4,0.48759138073159464,3
